LDA1,LDA2,label
11.179952610857697,12.886341623124821,spam
-44.069917712191,-11.088275643036752,claim
37.946152102403026,-55.68342505468087,premise
-44.00961390429073,-11.224103502426168,claim
5.302567193425688,10.745234912953833,spam
37.99539708410656,-55.79434409418138,premise
-43.92550309216212,-11.413554085411704,claim
37.975966566930865,-55.75057893826988,premise
16.09066113480533,12.026827296074188,spam
11.026569902351511,13.231819722919454,spam
-44.006307139234266,-11.231551636047865,claim
11.031174463882877,13.221448441933564,spam
-43.97387637737461,-11.30459844876382,claim
11.026098971259238,13.232880444695404,spam
-44.014255021777615,-11.213649883071156,claim
-44.004162310486606,-11.23638263275808,claim
11.090983161507197,13.086735765338318,spam
11.018711007975014,13.249521039592729,spam
-44.024234581945066,-11.191171994155518,claim
-44.001428496530906,-11.24254025547691,claim
11.029535353576795,13.225140362095154,spam
-43.9989825113673,-11.248049574712041,claim
11.212943357273126,12.81203350525793,spam
-44.008477978907905,-11.226662052516872,claim
11.027988166487049,13.228625235070183,spam
-44.00846690664964,-11.226686991591606,claim
11.027499282739726,13.22972639327648,spam
10.887296756595816,13.545517545943966,spam
-44.01598066311318,-11.209763061048818,claim
11.02396323391769,13.237690963987447,spam
11.0195782236468,13.247567729306432,spam
11.05033633925163,13.178288372879337,spam
11.025048843844317,13.235245744064912,spam
11.021552143676395,13.243121686152797,spam
-44.00969329774087,-11.223924677195583,claim
10.968293048125993,13.363082086557753,spam
-44.0112113510242,-11.22050542499369,claim
-44.05104127821412,-11.13079278597163,claim
37.97560945882479,-55.749774590561586,premise
11.034318473307051,13.214366897917245,spam
-43.99696562351548,-11.252592398277784,claim
10.979765617958954,13.337241353503714,spam
-43.933503239936755,-11.395534610607783,claim
11.022997316666746,13.239866588995312,spam
37.997546121255,-55.79918456986205,premise
11.026698937296601,13.231529085544253,spam
-44.00555249559392,-11.233251389909157,claim
11.02654211275786,13.231882315999243,spam
11.026353818446996,13.23230642873678,spam
11.028988283529287,13.226372578700364,spam
10.560265510547907,14.282120351816559,spam
10.980275131431586,13.33609372905432,spam
11.036212637853836,13.210100495434716,spam
11.128975917338323,13.001161157754353,spam
10.914421484912737,13.484422004682244,spam
11.069936552515387,13.13414099473016,spam
11.039562357072938,13.20255561216942,spam
11.107219336574673,13.05016552241463,spam
-44.00700195564284,-11.229986636609386,claim
37.965594152993276,-55.72721618837201,premise
37.752856627734744,-55.24804772996433,premise
37.97554288848567,-55.74962464801273,premise
-44.00336698416719,-11.238174019989456,claim
-44.015493200307475,-11.210861018736182,claim
37.972963088663654,-55.74381392561101,premise
37.97740227627047,-55.75381271956964,premise
-43.974990935970816,-11.30208802506938,claim
-44.0001910794125,-11.245327404816749,claim
-44.009131163671526,-11.225190823894888,claim
11.02187326565096,13.242398393347656,spam
-44.01175925605809,-11.219271327670576,claim
11.025238658628457,13.234818206622464,spam
-43.9747601134623,-11.302607928012009,claim
-43.999095524915944,-11.247795023815826,claim
37.44872852253371,-54.56303179236525,premise
37.971809354014496,-55.741215262058134,premise
11.018455523968143,13.25009648991744,spam
11.034869938608558,13.213124781473525,spam
11.031518141497138,13.220674344967975,spam
-44.010853084819786,-11.221312381194053,claim
37.96432207852685,-55.72435097707273,premise
37.95277255299685,-55.69833690956598,premise
11.028450789857061,13.227583225548685,spam
11.067716659334494,13.139141066024678,spam
11.029350188353275,13.225557426900494,spam
-43.98824506030291,-11.272234531585752,claim
-43.96286824754978,-11.32939308051428,claim
11.027998048866948,13.228602976069851,spam
-44.01335430025877,-11.215678661685317,claim
-44.0109339807518,-11.221130171783074,claim
-44.01007143641509,-11.223072960389082,claim
11.040121412072814,13.201296400743878,spam
11.035433855594775,13.211854618945182,spam
11.02409939864998,13.237384267531993,spam
-44.01021681431858,-11.222745512254448,claim
-44.00625677035083,-11.231665086554472,claim
11.028403500486306,13.227689739784024,spam
11.060005104153802,13.156510516964005,spam
-44.00963261958217,-11.224061348238944,claim
-44.016903812266975,-11.207683766591764,claim
37.87302393765277,-55.51871170696835,premise
37.7170200454473,-55.16732967202651,premise
11.026581488927324,13.231793625399597,spam
11.029309886082757,13.22564820344266,spam
11.001354321501616,13.288615114277832,spam
-43.99440032925415,-11.258370448458855,claim
11.028545360542182,13.227370215223601,spam
11.026694554245026,13.23153895789838,spam
3.292232780328618,10.14686856536548,spam
11.02676003859942,13.23139146141358,spam
-44.016705591105385,-11.208130238498377,claim
-43.9905807452631,-11.266973651727952,claim
11.027670723435872,13.229340241495514,spam
11.025612456531533,13.233976266937091,spam
11.024962702234646,13.235439768801172,spam
11.023068794000508,13.239705593966988,spam
11.068462562428927,13.137460999306754,spam
37.99470714967184,-55.79279009086582,premise
11.028178950425032,13.228195514712947,spam
11.037376239284024,13.20747960801669,spam
11.042611657498355,13.195687390015038,spam
11.03843979049556,13.205084072984064,spam
-43.99675144262879,-11.253074817751255,claim
-44.01087402266416,-11.221265220944659,claim
11.027331299151228,13.230104758292129,spam
11.026046456745448,13.232998728005143,spam
-44.01071550589528,-11.221622262964502,claim
-44.010829602885536,-11.221365271730804,claim
11.026373194514209,13.232262786224279,spam
11.028520844971084,13.227425433918253,spam
11.026519782174077,13.231932613243515,spam
11.026695308472176,13.23153725908421,spam
-44.01339454088253,-11.215588023997043,claim
-44.008675536637206,-11.226217074920424,claim
-44.00837189691708,-11.226900990824788,claim
-44.01171692611685,-11.219366671322916,claim
11.04055274207883,13.20032487616777,spam
37.942312964116454,-55.674777807458895,premise
11.237822637376944,12.75599559526033,spam
-44.00146415665172,-11.242459934880232,claim
11.035150245987449,13.212493419166677,spam
-43.99212298469418,-11.263499922823211,claim
-44.007066531921765,-11.229841185467706,claim
-44.007066531921765,-11.229841185467706,claim
-44.01090472015905,-11.221196078130788,claim
11.071866623491019,13.129793716868704,spam
11.033276720527802,13.216713334319225,spam
16.577592744820905,16.10802312906165,spam
11.292771930076384,12.632228207060137,spam
11.032457895461171,13.218557649958308,spam
11.02617642380482,13.232705991143177,spam
4.054331295760221,9.569529841602645,spam
7.616747884576782,20.912078096306487,spam
11.21500481472286,13.487478955014296,spam
11.042545064510577,13.195837383578066,spam
11.21500481472286,13.487478955014296,spam
11.033739900260477,13.215670071649466,spam
11.126971361684681,13.005676204364988,spam
11.21500481472286,13.487478955014296,spam
11.025434647634032,13.234376762408667,spam
11.022987930494526,13.23988773034177,spam
10.995608728502148,13.301556446262936,spam
11.02156580598055,13.243090913279268,spam
12.315398100168746,13.74649177036828,spam
11.007410667320883,13.274973844895868,spam
11.055457704151863,13.166753047735227,spam
10.931840974568559,13.445186472566263,spam
11.026401853293276,13.23219823539884,spam
11.026614100809432,13.231720170633945,spam
11.028883568312153,13.22660843849701,spam
8.44379756253566,12.213998743578422,spam
11.023557308007568,13.238605268562083,spam
11.003257835020221,13.284327654239405,spam
11.21500481472286,13.487478955014296,spam
11.037101906869438,13.208097512357028,spam
10.941795056111047,13.42276597151998,spam
11.027330026610983,13.230107624552389,spam
11.015383948616702,13.257014883953644,spam
11.026475535969695,13.232032273073273,spam
12.315398100168746,13.74649177036828,spam
11.21500481472286,13.487478955014296,spam
11.045988216911603,13.188082052090529,spam
11.21500481472286,13.487478955014296,spam
11.025355303802762,13.234555475877997,spam
11.21500481472286,13.487478955014296,spam
11.034764455653267,13.213362370516293,spam
11.020609147197433,13.245245684581931,spam
11.066446190021082,13.142002661888398,spam
10.585813076082863,19.325242162255556,spam
-44.016207943717106,-11.209251135863724,claim
11.055492588940652,13.166674473489707,spam
11.029806161724888,13.224530395787141,spam
-44.01245558482796,-11.217702921801447,claim
37.92661509205331,-55.63942003431754,premise
-44.03124575692041,-11.175380074509405,claim
37.955540770435114,-55.70457202243908,premise
-43.98051178565582,-11.289652903293245,claim
37.94299980526367,-55.67632484347535,premise
37.91995545217899,-55.6244199097821,premise
11.274491285520632,12.67340339822482,spam
11.028455765592675,13.227572018237911,spam
11.04660798769983,13.186686084863524,spam
11.21500481472286,13.487478955014296,spam
-44.022661886073315,-11.194714322926728,claim
37.97674438775017,-55.75233089624025,premise
37.98693313715685,-55.77527996148034,premise
11.21500481472286,13.487478955014296,spam
-44.0090642905061,-11.225341448526919,claim
37.96704616269933,-55.73048668449809,premise
11.045078569066668,13.190130936296768,spam
11.0282298773243,13.228080807334834,spam
11.025928301688438,13.233264859597554,spam
11.032291272628726,13.218932950016729,spam
-44.007421696159156,-11.22904121611623,claim
-43.99966537651143,-11.24651149421527,claim
-43.998149140960294,-11.249926652170785,claim
11.02889579286212,13.226580904008195,spam
10.998130767666694,13.295875823547732,spam
-44.00786359875503,-11.228045877916287,claim
37.95941027907403,-55.71328767562237,premise
-44.0037809319827,-11.237241646932205,claim
-44.00015477627052,-11.245409173749977,claim
37.95883133648606,-55.7119836695375,premise
-44.00955084368358,-11.22424553968132,claim
11.027852427526213,13.22893097252097,spam
-44.009788122624556,-11.22371109431537,claim
11.21500481472286,13.487478955014296,spam
-44.009376458806486,-11.224638322912707,claim
10.961902832797215,13.377475361200965,spam
11.028887458368985,13.226599676559971,spam
11.028295781059128,13.227932366241191,spam
11.035193849329275,13.212395207315751,spam
-43.97156266623796,-11.309809834940921,claim
-44.011085529434425,-11.220788824629139,claim
37.992072049536176,-55.78685481044042,premise
11.019457573665136,13.24783948044967,spam
11.029266709519014,13.225745454021823,spam
-44.001123866894545,-11.243226401059957,claim
-44.0047531096406,-11.23505192102985,claim
10.990806446108998,13.312373072283691,spam
11.024838745735353,13.235718967521478,spam
11.7975323710264,12.634515895182346,spam
11.026818000568312,13.231260908294644,spam
-43.94346154950394,-11.37310458638915,claim
11.026034551018995,13.233025544376915,spam
-44.01007582112587,-11.223063084299554,claim
-44.005550321093345,-11.23325628773784,claim
37.97856346584129,-55.75642817453408,premise
37.98466024919045,-55.770160525114775,premise
11.02604652042939,13.232998584562296,spam
11.026737816257878,13.231441514854911,spam
-44.00593457700475,-11.232390792511524,claim
-44.00958473251249,-11.224169208727048,claim
11.027168226670554,13.230472061563773,spam
-44.00532179492044,-11.233771018430438,claim
37.89588518650745,-55.570204218021935,premise
37.98677689966286,-55.774928053282125,premise
11.02586186362754,13.23341450420429,spam
11.082825726705465,13.105109512300146,spam
11.026774602533635,13.231358657713969,spam
-43.99962934766937,-11.246592645318401,claim
37.710487277203,-55.15261531223106,premise
11.038529953736848,13.204880989953722,spam
-44.00460561559585,-11.2353841355466,claim
38.00367451333429,-55.81298811571844,premise
-44.00918503964387,-11.225069474045114,claim
37.97663038513801,-55.752074117582396,premise
37.968675347502355,-55.73415624852808,premise
37.994203798323966,-55.79165634594065,premise
-44.00314924249107,-11.238664459760969,claim
37.975509051382645,-55.749548433568094,premise
37.9589005375123,-55.71213953742819,premise
11.050192940315824,13.17861136360176,spam
10.999576087434448,13.292620395789655,spam
-44.005068370056556,-11.234341830755152,claim
11.035554642577488,13.211582559221135,spam
11.027197545825224,13.230406023312227,spam
11.029019928342116,13.226301302154098,spam
-44.01013042455392,-11.222940095933353,claim
37.94714215329735,-55.68565503813271,premise
37.96052250060541,-55.715792835329324,premise
11.023435979138654,13.23887854882635,spam
-43.9884370021926,-11.271802203066784,claim
37.98152568287799,-55.76310025069418,premise
11.075927599927418,13.120646803006569,spam
11.077219474637168,13.117736993783538,spam
11.026191385830085,13.23267229078576,spam
11.27998748878884,12.661023789861133,spam
11.01851139348301,13.249970649827503,spam
11.036164699932634,13.210208470461666,spam
11.030118878295553,13.223826035250966,spam
11.026290385197882,13.232449305328004,spam
11.025118255715334,13.23508940127049,spam
11.024508616817997,13.236462547498746,spam
11.028717709915306,13.226982016746689,spam
11.02679122559465,13.231321216052294,spam
-44.00445369992812,-11.235726309292904,claim
37.93014307875097,-55.647366445957914,premise
37.9836274338422,-55.767834219318075,premise
11.033591800417753,13.216003650660639,spam
11.027627322127145,13.229437998289251,spam
11.025596101327402,13.234013105280454,spam
11.026103559766938,13.232870109573284,spam
-44.00887899588906,-11.225758804778277,claim
37.99104196587538,-55.78453465747402,premise
11.02476168220327,13.235892544861422,spam
11.027092839673358,13.230641862689353,spam
11.025854348024389,13.233431432293486,spam
11.027779877494964,13.229094383685919,spam
11.02677460253382,13.231358657713827,spam
11.031423489050841,13.220887539452768,spam
13.737000826823433,7.126864773759706,spam
-44.0060225630145,-11.232192613460654,claim
11.026218437310341,13.232611360228901,spam
-44.01293026354402,-11.216633758905644,claim
11.030949115081498,13.221956015939071,spam
11.03135662653564,13.221038140095104,spam
11.025973821506895,13.233162331088863,spam
11.024725988917485,13.235972940159648,spam
11.023310099894111,13.239162078323123,spam
14.90703439322786,14.744347645735019,spam
11.024565631641423,13.23633412772513,spam
11.025689562722675,13.233802593512891,spam
14.90703439322786,14.744347645735019,spam
11.024565631641423,13.23633412772513,spam
11.021870224336084,13.242405243583761,spam
-43.999842100634595,-11.246113442083143,claim
37.99704070987504,-55.79804618493678,premise
-44.00312783467674,-11.23871267856535,claim
37.98738477992014,-55.77629723836264,premise
11.030796552593298,13.222299646580595,spam
11.025256925349638,13.234777062792062,spam
11.033348579826978,13.21655147895541,spam
-44.00952046999623,-11.224313953153825,claim
11.02574200706055,13.233684468266294,spam
-44.008398455871145,-11.226841169626795,claim
37.99201529780714,-55.786726983255505,premise
37.99462893538718,-55.79261392157841,premise
11.029977373113795,13.224144760496785,spam
11.043993055574902,13.192575939009732,spam
-44.016226097578624,-11.209210246238726,claim
37.97963347868815,-55.75883826370694,premise
11.035581374664286,13.21152234806302,spam
-44.01231502526004,-11.218019517151795,claim
11.03210054810424,13.219362536552275,spam
11.028045459968666,13.228496187646442,spam
5.696037787815943,15.036941659442839,spam
-44.00665424109211,-11.23076982634008,claim
37.99139203041645,-55.785323140306645,premise
37.96611940147889,-55.72839925425119,premise
11.023469909522404,13.238802124275793,spam
11.032658724360473,13.218105304403082,spam
11.023283457405514,13.239222087670566,spam
11.030012015159599,13.224066733004264,spam
-44.01022678020726,-11.222723065158618,claim
11.031987373164696,13.219617450965814,spam
-44.008757501388885,-11.226032458109362,claim
37.96925222220963,-55.73545559693356,premise
37.40036886659358,-54.45410685419077,premise
37.92810263286253,-55.64277056044356,premise
11.028743909132444,13.226923005818861,spam
-44.0147094606431,-11.212626308268547,claim
-43.98342429046485,-11.283092798592193,claim
11.025770788994258,13.233619640047094,spam
-43.945405772304824,-11.368725433058444,claim
37.970611767388846,-55.73851782663273,premise
11.517545871727236,12.125949011699873,spam
11.031092044555422,13.221634082628924,spam
11.026134145314593,13.232801218908506,spam
11.018048496130518,13.251013276465443,spam
-44.006372161679394,-11.231405179963495,claim
37.849544730564304,-55.46582731127178,premise
10.943740210726801,13.41838471937703,spam
11.027740686434882,13.22918265734495,spam
-44.00562217788333,-11.23309443802546,claim
37.96063377572601,-55.71604347060349,premise
-44.00818237635525,-11.227327865561762,claim
11.028115169525165,13.228339174347695,spam
11.028699174792777,13.22702376512126,spam
11.126140128964167,13.007548466914074,spam
-44.01215383800333,-11.218382574159762,claim
37.957744411279506,-55.7095354870886,premise
10.968654001623534,13.362269077519045,spam
11.030450414381534,13.223079285777402,spam
11.032458769893346,13.218555680393663,spam
11.107776180341318,13.048911291555271,spam
11.051360929933196,13.175980592261908,spam
11.024466727013767,13.236556899790468,spam
11.028177844462256,13.228198005776278,spam
11.029056316285939,13.226219342213838,spam
11.03125656733232,13.22126351272044,spam
11.063734869205177,13.148109621222858,spam
11.02734214021843,13.230080339951542,spam
-44.00160304731638,-11.242147098554497,claim
37.96173556425733,-55.718525131098765,premise
37.98698873781999,-55.77540519601045,premise
12.882287152779355,19.253345575318065,spam
-44.011336121978125,-11.22022439180224,claim
11.036558589460924,13.209321276545523,spam
11.029181834225504,13.225936626517623,spam
11.021114122696304,13.24410828143182,spam
11.027912297114145,13.228796122695883,spam
11.031692653621317,13.220281275127117,spam
10.695336725659722,13.977886926887706,spam
11.025115874323472,13.235094765100506,spam
11.029018607770318,13.22630427659928,spam
11.06462928074501,13.146095055159918,spam
11.068243795159225,13.13795374911794,spam
-43.995749203177255,-11.255332254620974,claim
37.94221450689217,-55.67455604312204,premise
-44.00601651891079,-11.232206227156475,claim
37.94180798914526,-55.67364040549613,premise
11.027052824873273,13.230731991735553,spam
11.02859331007113,13.227262214052985,spam
11.02948928980835,13.225244115792663,spam
11.02708520374128,13.230659061808096,spam
11.401049789155813,12.388343942863685,spam
11.025817047670508,13.233515447339812,spam
11.021556558726758,13.243111741726466,spam
11.02979404951055,13.224557677250417,spam
15.66913290865947,14.167008921972212,spam
-44.00333841421386,-11.238238370744725,claim
37.93553892139735,-55.65952000278686,premise
37.98855589683747,-55.77893505361112,premise
37.96866632191553,-55.734135919362735,premise
11.031410044617616,13.220917821597794,spam
11.029137933165142,13.226035508946254,spam
11.026189452656432,13.232676645051711,spam
-43.99373586015848,-11.259867093828547,claim
11.027532707919221,13.229651106643075,spam
11.041175180281314,13.198922900875772,spam
-44.010332959915885,-11.222483906751435,claim
37.985575288404334,-55.772221552801255,premise
11.04104940265411,13.199206201492004,spam
11.016087017879698,13.255431295846734,spam
11.027178789814826,13.230448269214207,spam
11.0216948526257,13.242800249551209,spam
11.048943165184738,13.181426348039665,spam
11.024705620650082,13.236018817498419,spam
10.995939485982582,13.300811450514118,spam
10.896570911955152,13.524628505700292,spam
11.032728996429107,13.217947024105172,spam
-44.00264144246806,-11.239808224848645,claim
-44.00879654301349,-11.225944521037185,claim
11.025312839939048,13.234651121177421,spam
10.897216961168027,13.52317334914028,spam
-44.00319977478654,-11.238550641184531,claim
-44.00804027263064,-11.227647938959667,claim
11.026229695711153,13.232586001887853,spam
-44.01219672302693,-11.218285980244758,claim
11.043292428846499,13.194154025569958,spam
-44.01176693799364,-11.219254024935822,claim
11.026109885873225,13.232855860697413,spam
-43.9915165114427,-11.264865938774392,claim
37.95340458182152,-55.699760486703454,premise
-43.92845248986153,-11.406910883433085,claim
-44.004134872617996,-11.236444433614551,claim
11.028525664153442,13.227414579226803,spam
-44.015671117589434,-11.210460279139443,claim
11.03617748025108,13.210179684164792,spam
-44.005404620137625,-11.233584463513523,claim
-44.01558114980931,-11.210662921913816,claim
-44.00783886825724,-11.228101580709392,claim
11.031210906687164,13.22136635842611,spam
11.026521396187846,13.231928977850572,spam
11.025734386928804,13.233701631795668,spam
11.027498406945021,13.229728365909622,spam
-43.989318626968625,-11.269816437817145,claim
-44.012237793803024,-11.218193472726156,claim
11.025807281556734,13.233537444463586,spam
11.032291038847088,13.218933476585399,spam
11.040162870578936,13.20120301990572,spam
11.031291767059187,13.221184229109696,spam
11.027774973198397,13.229105430086847,spam
37.970198706841245,-55.73758745205129,premise
37.928978133804044,-55.64474253241207,premise
37.995501059985614,-55.79457828869606,premise
37.976526288303646,-55.75183965062828,premise
11.027682600003914,13.229313490799683,spam
10.997670245694373,13.296913099895974,spam
-44.009810754939565,-11.223660117453278,claim
37.973314907581994,-55.744606359990435,premise
-44.006258924110995,-11.231660235441012,claim
15.66913290865947,14.167008921972212,spam
11.031336754601512,13.221082899496935,spam
11.02528551242348,13.234712673474263,spam
11.025923028154722,13.233276737667467,spam
11.052279532360117,13.173911538820846,spam
-44.04055615540493,-11.15440940051267,claim
-44.00248394006708,-11.240162982114281,claim
-44.00297515896848,-11.239056564223738,claim
-43.95959561177054,-11.336764341598808,claim
-44.00470816949859,-11.235153143879096,claim
11.024710281043298,13.236008320461565,spam
11.012643853025757,13.263186655382526,spam
11.023141851441942,13.239541039916606,spam
11.025436195063733,13.234373276988265,spam
-44.005730708542956,-11.23284998435572,claim
-44.000384074297514,-11.244892704537435,claim
-44.004861480417325,-11.234807827477749,claim
11.034668317838431,13.213578910633629,spam
11.027161566607091,13.230487062643277,spam
-44.004772070359664,-11.235009214043686,claim
-44.02097102593312,-11.198522804038767,claim
11.026857158010685,13.231172710357004,spam
-44.00388485227792,-11.237007577613355,claim
11.03401490367,13.215050655965623,spam
-44.00218504355476,-11.240836214449487,claim
11.020920055472816,13.24454539703651,spam
11.024233611768713,13.237081966877357,spam
11.029681532214516,13.224811110392874,spam
11.026646238734582,13.23164778340437,spam
-44.003046215779,-11.23889651637881,claim
11.025204353107227,13.234895476128742,spam
11.024088611826613,13.237408563694856,spam
11.02748158307638,13.229766259869564,spam
-44.00628741707297,-11.23159605810056,claim
37.97596880988134,-55.75058399027449,premise
-44.01066444417203,-11.221737274019425,claim
37.988480930914186,-55.77876620090913,premise
-43.99393919361468,-11.259409107028802,claim
11.04231570587919,13.196353989295176,spam
11.030052736652635,13.223975012207916,spam
11.515000657809992,12.13168183306027,spam
11.025778169964472,13.233603015203414,spam
11.02630525957045,13.232415802400396,spam
37.98976743255205,-55.781663907864555,premise
37.99538082843193,-55.79430748001802,premise
11.041701025011324,13.19773849202177,spam
11.027470824315074,13.229790492824065,spam
-44.01047232986278,-11.222169990894969,claim
11.027137858485446,13.230540462643575,spam
11.022303429088709,13.241429496341823,spam
11.016212978904889,13.2551475821478,spam
11.026541029144763,13.231884756721023,spam
10.958464302365712,13.38522028219748,spam
11.141628961659308,12.972661532528264,spam
11.029452192762037,13.225327672911163,spam
11.021979428454244,13.242159273020292,spam
11.02661813499293,13.231711084067229,spam
11.027878175233539,13.228872978571957,spam
11.026669327531916,13.231595778365254,spam
11.024133828629306,13.237306717696608,spam
11.21500481472286,13.487478955014296,spam
11.02375369292599,13.238162932596616,spam
11.026495620287577,13.231987035300818,spam
11.02579530643257,13.233564417147363,spam
-43.99659513861042,-11.253426875789046,claim
11.032109931521711,13.219341401411487,spam
10.97338250417397,13.351618632681635,spam
11.042218800747747,13.196572257709903,spam
11.027968192967023,13.228670223281142,spam
-44.012148344936975,-11.218394946703484,claim
11.030132842442946,13.223794582507452,spam
11.03887056675989,13.204113795651537,spam
11.034734564796906,13.213429696464345,spam
11.02513344237477,13.235055194949489,spam
11.025519881008222,13.234184783374474,spam
-44.006401974841935,-11.231338029013273,claim
11.068185854147785,13.138084255031444,spam
11.05319117932877,13.171858151802027,spam
11.026541029144965,13.231884756720682,spam
11.21500481472286,13.487478955014296,spam
11.023938059939567,13.237747665672345,spam
37.9611112300453,-55.71711888525002,premise
11.031653055186894,13.220370466352506,spam
-44.00992549717154,-11.223401672882048,claim
37.99421369606005,-55.79167863953086,premise
11.034339964724298,13.214318490806365,spam
11.025036757048472,13.235272968277151,spam
11.040527150733439,13.200382517928773,spam
11.022976885837508,13.239912607246737,spam
11.031230749178789,13.221321665341708,spam
11.033053425114304,13.217216283288018,spam
11.017777638661737,13.25162335386252,spam
11.030287071571191,13.223447197937393,spam
11.032718535048552,13.217970587243116,spam
11.024469256445359,13.236551202516978,spam
11.029164806766019,13.22597497904259,spam
11.010470010758333,13.268083001933363,spam
11.027406918611817,13.22993443356659,spam
11.031922218713,13.219764204381136,spam
11.0253112382741,13.234654728754663,spam
11.025351771483173,13.234563432049285,spam
11.026184879441857,13.232686945726385,spam
11.025298503239199,13.234683413055194,spam
11.026087975772498,13.23290521084823,spam
11.040786173179981,13.19979909764919,spam
11.034718919477214,13.21346493586924,spam
11.027025347508236,13.23079388155326,spam
11.03040061768137,13.223191447502401,spam
11.023919555161982,13.237789345700321,spam
11.051031394559345,13.176722835346823,spam
11.027374727952513,13.23000693957458,spam
11.021220859095934,13.243867869139592,spam
11.029642885262994,13.224898158504203,spam
11.029888400204273,13.224345162432822,spam
11.026340635327458,13.232336122301234,spam
-44.00600348791485,-11.232235578077848,claim
11.022727423820221,13.24047449368397,spam
-44.009628437072536,-11.224070768895444,claim
11.026954358302785,13.23095377712363,spam
11.02894486715411,13.226470369427659,spam
11.025179520894525,13.234951408024799,spam
-0.8519362709536722,7.601969383298041,spam
11.02720685828423,13.2303850479976,spam
11.026706374183846,13.231512334754143,spam
11.025072361227615,13.235192773681234,spam
4.9624604760332005,11.51128881561624,spam
11.029838579662268,13.224457377860052,spam
11.017848595959151,13.251463530161715,spam
-44.00612420439141,-11.231963677160248,claim
-44.00571360147507,-11.232888516190158,claim
-43.99895600997185,-11.24810926626472,claim
-44.0055216986679,-11.233320756680987,claim
-44.007813917936744,-11.2281577786311,claim
-44.01164251521337,-11.2195342739019,claim
-44.00590237739159,-11.232463318685845,claim
-44.00229780230595,-11.240582237455953,claim
10.76431605880309,13.82251837738471,spam
11.025692272588003,13.233796489831775,spam
11.05511151915342,13.16753279231483,spam
11.029623125570716,13.224942665092527,spam
11.028698329276608,13.227025669555957,spam
11.021632779630805,13.242940062314567,spam
11.059252255505136,13.158206227798125,spam
11.03086477886167,13.222145974228681,spam
11.034452025402448,13.21406608614641,spam
11.03345967160476,13.216301256641259,spam
11.030859249967861,13.222158427469367,spam
11.209137228400323,12.820606402316827,spam
11.027548358857285,13.229615854585148,spam
15.66913290865947,14.167008921972212,spam
37.97469616031769,-55.747717483631035,premise
-44.008306467709616,-11.227048363096998,claim
37.99419434522565,-55.79163505385088,premise
11.018043725420327,13.251024021977997,spam
11.023567723057218,13.238581809780278,spam
-44.00955146051301,-11.224244150338677,claim
38.00074746593043,-55.80639525538231,premise
-44.00630055092009,-11.231566475518598,claim
37.970219910251814,-55.737635210458905,premise
37.96616307818742,-55.7284976313515,premise
37.89603466246433,-55.5705408965831,premise
37.81704996861762,-55.39263634522386,premise
11.23832429850954,12.754865657365343,spam
11.025690094292997,13.233801396207411,spam
11.027024274927982,13.23079629742412,spam
11.022987988102201,13.239887600586457,spam
11.0266313125511,13.23168140303153,spam
11.027283280924706,13.230212914195846,spam
37.99692583582123,-55.797787443450886,premise
11.26006647820752,12.705893729560358,spam
-43.998134105713405,-11.249960517451775,claim
-44.00458591447607,-11.235428510205043,claim
37.9818708889565,-55.763877790361235,premise
37.838624569156394,-55.441230818946266,premise
37.99232721071997,-55.787429533637436,premise
37.853309492566055,-55.47430703388963,premise
11.031685547085964,13.2202972818353,spam
11.033684604218344,13.215794620053458,spam
11.03099384853526,13.221855258632559,spam
-44.008279271839484,-11.227109618876597,claim
11.027596495862973,13.229507431142409,spam
11.012189599522571,13.264209812677478,spam
11.032279885009274,13.218958599408694,spam
11.108185136928554,13.047990160705112,spam
11.027794664915376,13.229061076607081,spam
-44.00477888874096,-11.234993856370522,claim
37.97178916833844,-55.74116979598806,premise
37.992476205944115,-55.78776512939879,premise
11.378532764036656,12.43906112687273,spam
38.00255486149312,-55.81046622003376,premise
11.040653777860236,13.200097303906759,spam
-43.97277985917914,-11.307068238391686,claim
37.99576381067708,-55.79517010644801,premise
-44.006788321590705,-11.230467824400648,claim
11.026548770025336,13.231867321217493,spam
11.025964868293713,13.233182497241785,spam
11.049395592008409,13.180407305144485,spam
-44.01091356926986,-11.22117614645822,claim
-44.00016037951886,-11.2453965530336,claim
8.774730333988174,8.102516905432324,spam
-44.0108890349544,-11.221231407370794,claim
11.041671246670035,13.197805564542108,spam
11.024836875863933,13.235723179206346,spam
11.025591796959711,13.234022800407551,spam
37.97691943417031,-55.75272516952623,premise
-44.01220548985809,-11.218266233896074,claim
11.029376878572123,13.225497310045483,spam
11.028277911380627,13.227972615773979,spam
11.028545198143743,13.227370581008053,spam
11.026122199562082,13.232828125434395,spam
-41.37494788907127,-6.957076196299173,claim
-44.00978107603191,-11.223726966010133,claim
37.98775491045096,-55.77713091768561,premise
11.103431466151184,13.058697294274502,spam
11.050732946144961,13.177395058390061,spam
-44.00682283282623,-11.230390091544052,claim
11.033974145836705,13.215142458613744,spam
-44.00968575681284,-11.223941662326062,claim
-43.99822419535525,-11.249757600196688,claim
11.026483164029967,13.232015091685277,spam
-44.007175635119935,-11.229595442215683,claim
11.547094285659668,12.059394378542379,spam
-44.00535567409734,-11.233694709219051,claim
11.021349701186637,13.243577666149065,spam
11.025000006792645,13.235355744286267,spam
-44.01008357330845,-11.223045623339047,claim
-44.009149005084524,-11.225150638025099,claim
11.01510021527136,13.257653962881847,spam
11.026001467369973,13.233100061747585,spam
11.061673993486892,13.152751522738072,spam
11.02124016846495,13.243824376855912,spam
11.030278107793663,13.223467387884313,spam
-44.01104405288186,-11.220882246116009,claim
-44.011225563974904,-11.220473411846726,claim
-44.00976858411531,-11.22375510271138,claim
-44.01124422561631,-11.220431378500308,claim
-44.01404465571311,-11.21412371006911,claim
-44.01114295781296,-11.220659473366347,claim
-44.010732280769446,-11.221584479360441,claim
-44.01283352766052,-11.21685164610799,claim
-44.01561280114493,-11.210591630675381,claim
-44.01042112314524,-11.22228532853515,claim
-44.0106117091683,-11.221856053959186,claim
-44.01581806700855,-11.210129291333814,claim
-43.97871018876887,-11.293710807049843,claim
-44.01847483049035,-11.204145216543495,claim
-27.953140034385257,-3.1254818042309296,claim
-44.00023762940933,-11.245222555941151,claim
-44.00117521149164,-11.243110752861398,claim
-44.03005166375466,-11.178069641292769,claim
-44.009291535284575,-11.22482960403714,claim
-44.010427832112,-11.222270217306857,claim
-44.013409969219765,-11.21555327332183,claim
-44.008998872735376,-11.225488795039325,claim
10.543635488907128,14.319577691903788,spam
11.002562199264915,13.285894499166957,spam
11.025576722998391,13.234056752888087,spam
11.21500481472286,13.487478955014296,spam
10.999171104104832,13.293532577301828,spam
11.026581428182958,13.231793762220896,spam
11.023655955097379,13.238383076572177,spam
11.025087739734516,13.235158135243466,spam
11.027645561230415,13.22939691666457,spam
11.021632779630805,13.242940062314567,spam
11.02779031125335,13.229070882763633,spam
11.190897646451212,12.861689104364132,spam
-44.01094805486477,-11.221098471352832,claim
11.02639717693419,13.232208768396518,spam
11.027587234934089,13.229528290391528,spam
-44.012398365674954,-11.217831801807108,claim
11.029450063058349,13.225332469839657,spam
-44.004910499841,-11.234697416485275,claim
11.0198598723534,13.246933345802589,spam
11.027087134038737,13.230654714019309,spam
-43.976421574138946,-11.29886566603848,claim
37.92859593301682,-55.64388166613192,premise
37.97408580658794,-55.74634272731882,premise
11.026651915853979,13.2316349963003,spam
37.97157988888115,-55.740698416456965,premise
11.025227138812951,13.23484415377132,spam
37.99589052014721,-55.795455505938605,premise
11.02765325707631,13.229379582598426,spam
-44.01005260620213,-11.223115373423582,claim
11.029105758483542,13.226107978965729,spam
-44.01204233073679,-11.218633732317457,claim
37.973653628101474,-55.745369291631135,premise
-44.00646734437083,-11.231190791160003,claim
37.84666842430828,-55.45934873992936,premise
-43.977387809202106,-11.296689325191682,claim
11.034993540263343,13.212846382002926,spam
-44.01451284946475,-11.213069153859209,claim
-44.008334821806656,-11.226984498534335,claim
-44.01029595202836,-11.222567263050081,claim
-44.00286400672431,-11.239306922732624,claim
37.97436386918446,-55.74696903349334,premise
-44.00230684651174,-11.240561866352856,claim
-44.009128993289366,-11.2251957124476,claim
-44.0153082169721,-11.2112776738565,claim
-44.00831916055188,-11.227019773829475,claim
-44.01419038459362,-11.213795471395514,claim
11.025670939199252,13.233844541000607,spam
6.891264804312499,10.666955436877771,spam
11.028792958480778,13.226812527422226,spam
-44.00672288052243,-11.230615223386097,claim
11.025003484555263,13.235347910998968,spam
11.029569031640037,13.225064505870662,spam
11.034310101062019,13.214385755501524,spam
11.022942344025147,13.239990408973313,spam
11.024423484419383,13.236654299096678,spam
11.0517791837082,13.175038520493406,spam
-44.00575923938756,-11.232785721686867,claim
-44.01129420533053,-11.22031880455495,claim
37.96999039107254,-55.73711824312488,premise
11.029998982785557,13.224096087029451,spam
6.665342749554313,12.853686196269393,spam
11.024094467171864,13.237395375157064,spam
11.022763456727935,13.240393333425407,spam
11.028609384548574,13.227226008014654,spam
11.019848536876395,13.246958877749591,spam
11.026071987901531,13.232941221813604,spam
10.636753552761348,14.109839240482984,spam
11.048923955942008,13.18146961479777,spam
10.998783594483953,13.294405401160816,spam
11.024028431706427,13.23754411296079,spam
11.032519119090704,13.218419750299802,spam
11.033098140163379,13.217115567436167,spam
11.025503834897904,13.23422092551698,spam
11.028274815408189,13.227979589121233,spam
11.029001514355372,13.226342777683442,spam
-44.00291718873345,-11.239187135960309,claim
-44.01609040117003,-11.209515887844542,claim
37.95346936746198,-55.699906409411085,premise
11.032511644691537,13.218436585581022,spam
8.012614175545394,9.793337779012518,spam
11.21500481472286,13.487478955014296,spam
11.033022133057312,13.217286765291576,spam
11.02629763275791,13.232432980976931,spam
11.02713165021538,13.230554446106538,spam
11.028974585494808,13.226403432054155,spam
11.02744833741302,13.229841142159408,spam
11.015327550630385,13.257141914368475,spam
11.018340117489487,13.250356430632579,spam
22.0825893762753,-11.670678324869904,spam
11.027542523950672,13.22962899708591,spam
11.028103262325448,13.228365994039072,spam
-44.007655786358406,-11.228513953050433,claim
11.02944341649551,13.225347440509722,spam
11.027714063199696,13.229242623325632,spam
11.031104916085184,13.221605090888957,spam
11.029546351153627,13.225115591231692,spam
11.026540902933988,13.23188504099744,spam
10.585813076082838,19.325242162255577,spam
11.028517075647784,13.2274339239144,spam
11.024445523514117,13.236604658399614,spam
11.035995363448617,13.210589882729337,spam
37.97412533557924,-55.74643176213145,premise
-44.0099636958612,-11.223315634429508,claim
11.060005104153802,13.156510516964005,spam
-44.00963261958217,-11.224061348238944,claim
37.980281398375666,-55.760297633310074,premise
37.98294932372366,-55.76630684900715,premise
11.02900224204005,13.226341138651563,spam
11.21500481472286,13.487478955014296,spam
11.087678842325463,13.094178389888114,spam
11.027079849264396,13.230671122192035,spam
11.02338262334797,13.23899872702134,spam
11.026422591671967,13.232151524425745,spam
11.027440565798013,13.229858646889213,spam
11.076959280069175,13.118323054140973,spam
11.04000504104713,13.201558513997995,spam
11.02296963068115,13.239928948709107,spam
11.026751369740735,13.23141098708792,spam
11.037527625807222,13.20713862610961,spam
11.03442019683149,13.21413777658941,spam
11.152973241918303,12.947109757979888,spam
11.00992842335448,13.269302869472654,spam
11.029083040886118,13.226159147916974,spam
-44.00868307689203,-11.226200091304165,claim
-43.991303975561166,-11.265344653050533,claim
11.030878495502343,13.222115078966667,spam
11.025122525169508,13.235079784782755,spam
11.056904600351942,13.16349406923203,spam
-44.003315103304175,-11.238290876068362,claim
11.058734838170707,13.159371654847913,spam
11.02705738388649,13.230721723046493,spam
11.03180100294901,13.220037229887879,spam
-44.00926698339151,-11.224884904542705,claim
11.026188032460226,13.232679843891617,spam
11.021970924275367,13.242178427770282,spam
11.026219309373584,13.232609395998093,spam
-44.0096970817102,-11.223916154209974,claim
-44.01699938672253,-11.207468495381285,claim
-44.01100270897354,-11.220975368834932,claim
-43.98588320581977,-11.277554355487371,claim
11.02525732801567,13.234776155829849,spam
11.024355872241077,13.236806588276643,spam
-44.00943219678044,-11.224512779105197,claim
11.028242852025528,13.228051583210288,spam
11.028547002516529,13.227366516852332,spam
11.0234243706626,13.238904695673018,spam
11.026876957278958,13.231128114629257,spam
11.029095096167623,13.22613199468907,spam
11.02596001148085,13.233193436691352,spam
11.029958909004478,13.224186348922672,spam
-44.007526452976236,-11.228805262622473,claim
11.03168389746667,13.22030099742495,spam
11.023745346955394,13.238181731000736,spam
11.02435213113128,13.236815014723987,spam
11.026688691001672,13.231552164225889,spam
-44.00867696472818,-11.226213858299502,claim
-44.0166571657648,-11.20823931138397,claim
11.028818537527428,13.22675491336372,spam
11.031536415802478,13.220633184056439,spam
11.024798484759629,13.235809651051042,spam
11.028625628287472,13.227189420737545,spam
11.02969317441153,13.224784887591703,spam
11.03061114127172,13.222717265696373,spam
11.036336348336441,13.209821850841465,spam
-44.011310221089346,-11.220282730776248,claim
11.027963432480632,13.22868094576734,spam
-44.009690982968905,-11.223929890970346,claim
37.96138429165526,-55.7177339272369,premise
37.99788292468922,-55.79994318347312,premise
-44.005379364884654,-11.233641348262708,claim
37.98115724477813,-55.76227038339337,premise
11.030514280431792,13.222935434349328,spam
11.026804448026517,13.231291433942644,spam
11.031371743506945,13.221004090739356,spam
-44.01067133620951,-11.221721750444182,claim
-44.00873390909034,-11.226085597230849,claim
37.98134837950266,-55.762700893857755,premise
-44.00823684448354,-11.22720518194555,claim
37.99623461505294,-55.796230542806995,premise
11.02862020939942,13.227201626199275,spam
-44.0076583847833,-11.228508100376573,claim
37.938387145367514,-55.66593532179235,premise
11.02641542913355,13.232167657274132,spam
11.026778306978134,13.231350313849873,spam
11.048252996418299,13.182980879161704,spam
11.033564264970448,13.216065671303145,spam
11.029954166660502,13.224197030543564,spam
11.027907765981706,13.228806328584149,spam
11.027220215808661,13.230354961606206,spam
11.028577279489241,13.22729832121803,spam
11.026668382629026,13.231597906655537,spam
11.033208346992495,13.216867338374527,spam
11.02698831687438,13.230877289084006,spam
11.027646846421781,13.2293940219094,spam
11.88421471317848,11.325830805802383,spam
11.026666405284164,13.231602360413639,spam
11.025996465568035,13.233111327769763,spam
11.7975323710264,12.634515895182346,spam
11.026725944632648,13.231468254416487,spam
11.02729645385591,13.230183243582246,spam
11.03291478985998,13.21752854432981,spam
11.02994780657768,13.224211355948402,spam
11.027866421194034,13.22889945328535,spam
11.021337484921638,13.243605181975852,spam
-43.99057861470858,-11.26697845057339,claim
-44.02683628246629,-11.185311942777219,claim
-39.79983453327141,-10.504850090905194,claim
-43.99078652861364,-11.266510146802077,claim
-48.234101809227525,-11.910227518865454,claim
-44.01637916801947,-11.208865471487002,claim
11.007362694324797,13.27508189892346,spam
11.025127931749253,13.235067607042268,spam
11.028647993811994,13.227139044791759,spam
11.025733955123734,13.233702604388938,spam
-44.00839500916811,-11.226848932957637,claim
-44.00819079225707,-11.22730890964483,claim
15.66913290865947,14.167008921972212,spam
-44.00825828050111,-11.22715689961467,claim
-44.00964934264735,-11.224023681328617,claim
17.21915442210694,19.68634712675575,spam
-43.99690647575857,-11.25272562225534,claim
-44.00885779271051,-11.225806562663962,claim
-44.01068611321709,-11.221688466819977,claim
11.043686282711832,13.19326691198117,spam
11.027044900004427,13.230749841651544,spam
11.016278183452862,13.255000715896372,spam
11.02853763570883,13.227387614581836,spam
11.019912985752484,13.246813713568685,spam
11.027431642578748,13.22987874548437,spam
11.029112768582806,13.226092189470052,spam
11.016233001806675,13.255102482708338,spam
11.024409350848714,13.236686133448359,spam
-44.005358015255524,-11.23368943601092,claim
3.5157654219214436,9.746441394360872,spam
-43.997219392012994,-11.252020811954111,claim
37.94577566649923,-55.68257717318212,premise
-44.009799053799064,-11.223686473016501,claim
11.0083414389779,13.272877381568165,spam
11.026296990443193,13.23243442772156,spam
11.02674290695461,13.231430048606455,spam
11.085395482713125,13.099321412512678,spam
11.026468889756984,13.232047242952376,spam
-44.01058633452965,-11.221913207611578,claim
-44.00881162577707,-11.225910548728166,claim
-44.00938632376041,-11.224616103162077,claim
-44.01076661657356,-11.221507141643826,claim
11.054312370729463,13.169332788425777,spam
11.02900040130632,13.226345284707293,spam
11.02793385470956,13.22874756652402,spam
-44.00419366054601,-11.23631202011029,claim
-44.008472258950064,-11.226674936108367,claim
11.026629689107267,13.23168505966433,spam
-44.004091561711576,-11.236541986784658,claim
11.353848756241554,12.494659206939247,spam
11.060005104153802,13.156510516964005,spam
-44.01039391201982,-11.222346618676525,claim
37.97181096354892,-55.741218887361775,premise
11.026692350393748,13.231543921837975,spam
11.020003855811083,13.246609038507685,spam
10.954246619787028,13.394720159836993,spam
11.029294162882817,13.22568361826383,spam
11.190302271547381,12.863030122478222,spam
11.037663363954186,13.206832890492365,spam
-44.010570035190504,-11.221949920124459,claim
37.968265155029044,-55.733232333978464,premise
37.99426339289789,-55.79179057632737,premise
37.99713913687718,-55.798267881201625,premise
-44.00683426373825,-11.230364344638303,claim
-44.010952391777096,-11.22108870292385,claim
-44.008554280133865,-11.22649019218905,claim
10.990806446108998,13.312373072283691,spam
11.025240751184356,13.234813493364761,spam
11.02783035662523,13.228980684856253,spam
11.027423719195227,13.229896592054502,spam
-44.00734887236226,-11.22920524390836,claim
37.922932246144484,-55.631124818912,premise
37.994841127176144,-55.79309186082534,premise
11.03102460416585,13.221785984872866,spam
12.178838126104765,10.636459135845257,spam
-44.01042466771541,-11.222277344771154,claim
-44.01107873081673,-11.22080413778685,claim
11.027670723435872,13.229340241495514,spam
-44.005894094290646,-11.232481975481676,claim
37.8523266677721,-55.47209332645488,premise
-43.991650555285204,-11.264564019396275,claim
38.00031469465712,-55.805420484506755,premise
-44.00555576078421,-11.233244035418068,claim
37.99223184959888,-55.78721474293957,premise
-44.0047130108245,-11.235142239312552,claim
11.026795581445406,13.231311404966448,spam
-44.009407966228764,-11.224567355823382,claim
-44.00969934612115,-11.223911053867113,claim
-44.011135545232236,-11.220676169409389,claim
-44.005298044041425,-11.233824514739055,claim
-44.010234895251386,-11.222704786891995,claim
11.033097388423442,13.217117260649218,spam
-44.19653847133333,-10.803075963821954,claim
-44.00410731566629,-11.236506502692038,claim
11.000284303460148,13.291025215150711,spam
11.027149896347133,13.230513348651911,spam
11.034040057340405,13.214994000020596,spam
11.029567815418275,13.225067245278751,spam
11.144847338641753,12.965412483563057,spam
11.027217507465423,13.230361061859043,spam
11.025249219368279,13.234794419688193,spam
11.025932232678077,13.233256005464364,spam
11.03976787059581,13.202092715001868,spam
11.021132454143213,13.244066991813295,spam
-44.012281513089164,-11.21809499972327,claim
11.02858912747459,13.227271634902706,spam
-44.009458668608026,-11.22445315415195,claim
37.97046094145999,-55.738178107404025,premise
11.033167108285689,13.216960224137495,spam
-44.01680173399408,-11.207913686952942,claim
-44.0094090586905,-11.224564895169593,claim
11.02477366730659,13.23586554970214,spam
11.043961473404124,13.19264707446223,spam
11.026113085096625,13.232848654789635,spam
10.984967639859832,13.325524357116421,spam
11.026296826686375,13.23243479656633,spam
11.032939497760257,13.217472892434408,spam
11.026360127245766,13.232292218845917,spam
11.02442501481827,13.236650852036817,spam
-44.00866819258796,-11.226233616603977,claim
11.030083072919624,13.223906683021553,spam
11.026012053338377,13.23307621798891,spam
-44.0051909214603,-11.234065796863263,claim
-44.01041213108974,-11.222305582176205,claim
11.037131667320752,13.208030480132312,spam
11.077834300953143,13.116352163449733,spam
11.030991693366328,13.221860112919202,spam
11.03007752621076,13.223919176388677,spam
11.02194205100334,13.242243461719013,spam
-44.009647821081245,-11.224027108494639,claim
11.026503315699477,13.231969702209291,spam
-44.0057761164023,-11.232747708021634,claim
11.030813117385563,13.222262336163169,spam
-44.01343625418244,-11.215494069262945,claim
-44.00869310532106,-11.22617750334382,claim
-44.003800183403925,-11.23719828517173,claim
-43.99707975730399,-11.252335324160114,claim
11.106372869630732,13.052072098417767,spam
11.030101542812517,13.223865081568093,spam
11.027291924467931,13.230193445542739,spam
11.027126122516094,13.230566896656185,spam
-44.00055354184,-11.244510997074507,claim
37.94234471992078,-55.67484933400176,premise
11.021204377665129,13.243904991793983,spam
11.024325723278375,13.236874495581253,spam
11.024884595553193,13.235615695724519,spam
11.024748043464612,13.235923264657458,spam
11.028818660649343,13.226754636045868,spam
11.025183412429854,13.234942642760146,spam
11.026525067002211,13.231920709734695,spam
11.029208378970225,13.225876837326915,spam
11.027827901657815,13.228986214409076,spam
11.027400444281106,13.229949016303294,spam
10.831850891474627,13.670403410263937,spam
11.294685771098088,12.627917485428554,spam
11.029900348643743,13.224318249854157,spam
11.025811836972773,13.23352718387801,spam
11.027276394681017,13.230228424722142,spam
11.020618885983076,13.245223749010897,spam
11.020140835250118,13.246300507013387,spam
-43.988508120902225,-11.271642015800538,claim
11.01669541813034,13.254060939536686,spam
11.023167413298893,13.239483464575073,spam
11.044430977596726,13.191589566625865,spam
11.023280019929246,13.239229830217539,spam
-44.00199601638156,-11.241261977883127,claim
-44.00476139250787,-11.235033264758897,claim
11.02365413921315,13.238387166657262,spam
11.023335110937197,13.239105743631256,spam
-44.00661279124708,-11.230863187671957,claim
11.027286933499298,13.23020468716436,spam
11.002661150566055,13.285671621974615,spam
-44.013077858713395,-11.216301316617617,claim
11.020634049312918,13.245189595236582,spam
11.057554883964357,13.162029375141827,spam
11.030498977321502,13.222969902963133,spam
11.027924679284283,13.228768233184553,spam
11.025730670947524,13.233710001643772,spam
11.028712759594605,13.226993166811454,spam
11.025273587482758,13.234739533124198,spam
11.02558174044847,13.234045451620364,spam
37.99169252311894,-55.785999967889865,premise
37.7795253080309,-55.30811607197262,premise
-44.01231748987048,-11.218013965881198,claim
11.010479825803074,13.26806089459808,spam
11.024246761758945,13.23705234793428,spam
11.013951512583645,13.260241292481425,spam
11.024726253090137,13.235972345139658,spam
11.032616169251497,13.21820115522165,spam
11.02472771503232,13.235969052270661,spam
11.02871114817681,13.226996796359117,spam
-44.006571273161555,-11.230956702706123,claim
37.954851893243074,-55.70302040044902,premise
11.024245014448297,13.237056283564414,spam
11.026954467848896,13.230953530383289,spam
11.025980353458309,13.233147618568907,spam
11.02819305275024,13.228163750738076,spam
11.023424192583946,13.238905096776577,spam
11.040634589055264,13.20014052463191,spam
11.034123263286961,13.214806587548862,spam
-43.954359786413875,-11.348557476644231,claim
-43.99298843266638,-11.261550594089442,claim
37.9131686012903,-55.609133256081975,premise
11.105171499217974,13.054778056419025,spam
-43.99619639928123,-11.254324993360598,claim
11.026205967012615,13.232639448235801,spam
11.049224336910882,13.180793038883564,spam
10.541705405748516,14.323924997207115,spam
37.988621296037195,-55.779082358293905,premise
-44.01441300390577,-11.21329404527205,claim
11.029299232784751,13.225672198854426,spam
11.034206141878009,13.21461991241351,spam
11.034969939368096,13.21289954048899,spam
11.022370598372703,13.241278204734442,spam
11.028807711378782,13.226779298102826,spam
11.039060936112161,13.203685009103278,spam
11.023839114981584,13.237970528578956,spam
11.026539067120225,13.231889175970764,spam
11.02753370085236,13.229648870167011,spam
11.031939702367556,13.219724824323059,spam
11.033127915001227,13.217048502808012,spam
11.022376529306896,13.241264845940862,spam
11.02871932576393,13.22697837721951,spam
-44.00701460993524,-11.229958134173756,claim
4.054331295760221,9.569529841602645,spam
-44.02095264297927,-11.198564209670849,claim
11.029740447124851,13.224678410876692,spam
11.022622389534057,13.240711072148747,spam
11.032789103869113,13.217811638543083,spam
-44.01006637385661,-11.223084363257797,claim
-44.00026592393764,-11.245158825551059,claim
11.025377178842547,13.234506204697027,spam
11.022900488753915,13.240084683483246,spam
11.023788170965076,13.238085274511889,spam
11.02841789005813,13.227657328816747,spam
11.038328284440235,13.205335228414423,spam
11.04019231658414,13.201136695937365,spam
11.04676508125344,13.186332248483481,spam
11.02741377394237,13.229918992670754,spam
11.028287374905837,13.227951300199052,spam
11.026711069810991,13.231501758357929,spam
11.019002601208129,13.24886425711074,spam
11.02609745813993,13.232883852834561,spam
11.027739353988878,13.229185658536096,spam
11.032495151205978,13.21847373538884,spam
11.03978809212824,13.2020471681696,spam
11.028401018982379,13.227695329105348,spam
11.02896070219514,13.226434702697418,spam
11.026038270593006,13.233017166434806,spam
11.026586429994666,13.23178249617547,spam
11.027000980428674,13.230848765785439,spam
11.02994046236146,13.224227898008067,spam
11.024083346786512,13.237420422632113,spam
11.035483395768722,13.211743035017378,spam
11.031717033362455,13.220226362374746,spam
11.02817476852259,13.228204934000416,spam
11.025935415276606,13.233248837003643,spam
-44.00549353990844,-11.233384181265805,claim
11.017054692599373,13.253251712328808,spam
11.031420021352204,13.220895350070364,spam
11.16037924409779,12.930428532403283,spam
11.024855843069474,13.235680457609988,spam
11.026198514754501,13.232656233648367,spam
11.038341973970518,13.20530439421529,spam
11.026590413163191,13.231773524516171,spam
11.03826235132864,13.205483735676207,spam
10.980307345128253,13.336021171158336,spam
11.033846556028365,13.21542984097232,spam
11.02671419212622,13.231494725677777,spam
11.02159890372377,13.243016364162202,spam
11.023678963028754,13.23833125367532,spam
11.037183421568983,13.207913909238385,spam
11.023335657255338,13.239104513108586,spam
11.024649509293077,13.236145202312073,spam
11.029703407057411,13.224761839654008,spam
11.027135238128409,13.23054636471798,spam
11.009597358326161,13.270048557939944,spam
11.03076962076419,13.222360307637572,spam
11.025803866647465,13.233545136181533,spam
11.029378134255609,13.225494481753088,spam
11.034653573916273,13.213612119736851,spam
11.015896967645844,13.255859363614448,spam
11.026152907432547,13.232758959249232,spam
11.028172231554947,13.228210648246659,spam
11.025649115459174,13.233893696633174,spam
-44.00956546052425,-11.224212616813467,claim
37.928036508908505,-55.6426216233294,premise
11.028431508690181,13.227626654308267,spam
-44.015907681011,-11.209927445404738,claim
11.027723015989007,13.229222458128916,spam
-44.00766904621769,-11.228484086639725,claim
11.02027043081761,13.246008606896996,spam
11.000455928846776,13.290638647375658,spam
11.02700614266874,13.230837138393506,spam
11.047265779118618,13.185204480244977,spam
11.037925289543878,13.206242931194694,spam
-44.00989602413519,-11.22346805773472,claim
-44.00852009449669,-11.226567191670426,claim
37.97935695362591,-55.758215420662474,premise
11.32921000550779,12.550155350329504,spam
11.029415269614361,13.225410838341062,spam
11.026681816155147,13.231567649079835,spam
11.033302879923937,13.216654413084179,spam
11.026657539733549,13.23162232911551,spam
11.027300628358915,13.23017384096147,spam
11.026442264751324,13.232107212923665,spam
7.925931833393307,11.10202286839251,spam
11.031261087671908,13.221253331140105,spam
11.0285127372549,13.2274436956788,spam
11.027938516394975,13.22873706657748,spam
11.027896465987968,13.228831780608811,spam
11.027219496049863,13.230356582786357,spam
11.034298589852938,13.21441168326578,spam
10.979725645212895,13.337331387826822,spam
11.02665631478581,13.231625088179662,spam
11.029688053776887,13.224796421271506,spam
11.033217846846128,13.21684594097178,spam
11.026683758047993,13.231563275173421,spam
11.031141345095126,13.221523038450734,spam
11.02878550068931,13.22682932529785,spam
11.024712705133261,13.236002860458623,spam
-43.8422555111722,-11.60106033284326,claim
-44.00613670253866,-11.231935526424849,claim
11.030291720422255,13.22343672690009,spam
-44.012146039096564,-11.218400140361425,claim
37.955899738612416,-55.70538055975718,premise
37.946381195546834,-55.68394106241638,premise
0.6047363682099629,26.504552037796344,spam
11.029342061361362,13.225575732077392,spam
10.942878562156977,13.420325490363723,spam
11.026890521898993,13.231097561777243,spam
11.025848950020361,13.233443590719205,spam
11.029865075896147,13.224397697935231,spam
11.031639294768697,13.220401460218977,spam
16.917038150436483,15.343458760247586,spam
11.027248932876528,13.230290279490838,spam
11.023310184503032,13.239161887750953,spam
11.018443019420932,13.250124655068433,spam
11.025887068440026,13.233357733067207,spam
11.03221222696937,13.219110991886964,spam
11.029752754562296,13.22465068969322,spam
11.034378496391078,13.214231702358912,spam
11.026502959118531,13.231970505371237,spam
11.03195690700862,13.219686072714154,spam
11.026121082432851,13.232830641647887,spam
11.025098609903367,13.23513365135409,spam
11.027004396094437,13.230841072366154,spam
11.028054945980845,13.228474821423191,spam
11.032689949354875,13.218034973452717,spam
11.0276442593464,13.22939984901949,spam
-43.992679163709475,-11.262247189244377,claim
11.026487998272973,13.232004203072023,spam
-44.00372965707636,-11.23735713816004,claim
11.030691358556158,13.222536584866141,spam
11.053249565316193,13.171726643628162,spam
11.095080302181529,13.07750739540964,spam
11.027147611146468,13.23051849582076,spam
11.02654201874683,13.2318825277477,spam
11.028068123654194,13.228445140126667,spam
11.032858174022628,13.217656065431001,spam
11.033788916837665,13.215559667067183,spam
10.855337038783837,13.617503382465003,spam
11.067608707922208,13.13938421500228,spam
11.02830146717784,13.227919558867285,spam
11.028031641647715,13.228527311932453,spam
11.029674723462215,13.224826446376696,spam
11.027602023124558,13.229494981579535,spam
11.025528815742517,13.2341646588441,spam
11.025184501977606,13.23494018867045,spam
11.026902594754773,13.231070368963344,spam
11.014835499399496,13.25825020699142,spam
11.029036054050579,13.226264980725375,spam
11.105684108274176,13.053623459500585,spam
11.02311727150294,13.239596403592856,spam
11.034072031062934,13.214921982639481,spam
11.022252678192292,13.241543807292096,spam
-44.00937741838865,-11.224636161556305,claim
37.861975637033574,-55.49382659481246,premise
11.03174880268271,13.22015480538874,spam
10.9959426894615,13.30080423502153,spam
11.02616318903268,13.232735801047749,spam
11.036768810663517,13.20884777583268,spam
11.416884021396527,12.352679033046911,spam
-44.00658457365725,-11.230926744765384,claim
-44.01171076356991,-11.219380551799304,claim
11.025932011784484,13.233256503004554,spam
11.02708127155421,13.230667918636755,spam
11.02045575604862,13.245591181691935,spam
11.035149650285206,13.212494760921999,spam
11.031101662962826,13.22161241819721,spam
11.016895784998198,13.253609634656328,spam
